{
  "full_inn": {
    "precision": 1.0,
    "recall": 1.0,
    "f1-score": 1.0,
    "support": 16,
    "confused_with": {}
  },
  "inn_first_part": {
    "precision": 0.6666666666666666,
    "recall": 1.0,
    "f1-score": 0.8,
    "support": 10,
    "confused_with": {}
  },
  "inn_second_part": {
    "precision": 1.0,
    "recall": 0.5,
    "f1-score": 0.6666666666666666,
    "support": 10,
    "confused_with": {
      "inn_first_part": 5
    }
  },
  "micro avg": {
    "precision": 0.8611111111111112,
    "recall": 0.8611111111111112,
    "f1-score": 0.8611111111111112,
    "support": 36
  },
  "macro avg": {
    "precision": 0.8888888888888888,
    "recall": 0.8333333333333334,
    "f1-score": 0.8222222222222223,
    "support": 36
  },
  "weighted avg": {
    "precision": 0.9074074074074073,
    "recall": 0.8611111111111112,
    "f1-score": 0.8518518518518517,
    "support": 36
  },
  "accuracy": 0.9691358024691358
}